"id","subc_id","bio1_min","bio1_max","bio1_mean","bio1_sd","bio12_min","bio12_max","bio12_mean","bio12_sd","bio15_min","bio15_max","bio15_mean","bio15_sd"
4058480963,508845721,7.85,7.95,7.9444,0.0229,1101.6,1113.2,1102.2444,2.6571,10.9,11,10.9944,0.0229
4058473076,508555324,10.35,10.35,10.35,0,793.8,794.1,793.968,0.1489,9.6,9.7,9.644,0.0496
4058605001,508939399,7.85,7.95,7.8929,0.0495,965.9,973.8,969.2857,3.9095,10.9,11,10.9429,0.0495
4058474973,508400665,10.45,10.55,10.5354,0.0353,875.8,882.7,878.4683,1.7789,11.3,11.3,11.3,0
4058524070,508303432,9.95,10.05,10.0315,0.0388,1056.8,1089.4,1072.0815,6.6158,11.5,11.5,11.5,0
4058605288,508767463,9.95,10.05,9.9581,0.0273,682.2,685.3,682.7865,0.9192,13.2,13.6,13.3973,0.1404
4058483322,508927406,8.75,8.85,8.81,0.049,759.8,772.7,767.44,5.3244,7.6,7.9,7.76,0.0952
4058475035,508966648,8.15,8.35,8.27,0.0668,850.9,874.3,860.1343,8.2177,7.9,8.2,8.0657,0.1145
4058610320,508993597,8.25,8.45,8.3886,0.0518,820.2,840.4,822.1236,3.8957,7.9,8.2,7.9496,0.0686
4058487039,509641248,9.25,9.65,9.5716,0.1398,966.1,994.2,977.4703,8.2786,12.7,12.7,12.7,0
4058611047,509736582,9.85,10.15,10.0763,0.0802,910.7,924.3,915.7038,4.6584,13.7,13.9,13.7663,0.0688
4058611053,509694907,9.85,9.95,9.9375,0.0331,950.4,962.4,951.9,3.9686,14,14,14,0
4058576039,509696525,9.75,9.85,9.8273,0.0419,912.4,918.7,915.0682,2.0008,13.9,13.9,13.9,0
4058571141,508504361,10.35,10.45,10.3616,0.0321,915.1,935,929.586,6.9807,10.7,10.8,10.7884,0.0321
4058580320,508338409,9.35,9.65,9.3667,0.0687,1262.1,1269.2,1268.7444,1.6515,12.8,12.9,12.8056,0.0229
4058473067,508314974,9.25,9.35,9.3444,0.0229,1280.2,1283.5,1280.3833,0.7559,13,13.1,13.0056,0.0229
4058571211,508323008,9.15,9.25,9.1961,0.0498,1292,1296.4,1293.4888,1.6143,13.5,13.6,13.5487,0.05
4058605085,508415881,9.35,9.35,9.35,0,1265.5,1271.6,1267.025,2.6414,14.1,14.2,14.175,0.0433
4058475208,508415881,9.35,9.35,9.35,0,1265.5,1271.6,1267.025,2.6414,14.1,14.2,14.175,0.0433
4058524054,508790000,9.95,9.95,9.95,0,803.5,827.5,824.8333,7.5425,11.9,12.1,11.9222,0.0629
4058473259,508239731,9.05,9.35,9.2519,0.0843,1194.6,1215.4,1207.4192,9.6261,13.9,14.1,13.9846,0.0568
4058481212,508570347,9.05,9.25,9.2083,0.0812,1254.9,1270.3,1258.1083,6.2542,14.9,15,14.9208,0.0406
4058475158,508679865,8.35,8.65,8.5341,0.1281,1031.4,1052,1041.9146,9.3545,15.6,15.8,15.6855,0.0856
4058605229,508632661,8.55,8.85,8.7455,0.1107,1147.8,1181.7,1164.6772,13.2385,16.4,16.5,16.4864,0.0343
4058580350,508319438,8.15,8.15,8.15,0,1166.7,1166.7,1166.7,0,15.4,15.4,15.4,0
4058575344,508405104,8.05,8.05,8.05,0,1260.9,1260.9,1260.9,0,17.1,17.1,17.1,0
4058474259,508245479,8.35,8.35,8.35,0,1157.7,1157.7,1157.7,0,12.9,12.9,12.9,0
4058610313,508109543,9.45,9.45,9.45,0,988.4,996.8,992.4174,4.196,11,11,11,0
4058571250,508305584,8.15,8.95,8.7233,0.1611,1118.6,1127.8,1122.24,1.7217,14.9,15.1,15.0833,0.0522
4058481160,508325837,8.45,8.75,8.7278,0.0711,1167.2,1189.9,1168.9388,5.4509,15.3,15.5,15.3111,0.0458
4058473162,508289985,8.55,8.85,8.838,0.0588,1152,1168.6,1159.172,8.0807,14.8,14.9,14.896,0.0196
4058524165,508268353,8.45,8.85,8.7218,0.1501,1254.3,1303.9,1287.482,17.8911,14.8,15,14.8974,0.1
4058481299,508327288,8.15,8.25,8.1682,0.0386,1367,1368.6,1368.3091,0.6171,16.5,16.7,16.5364,0.0771
4058524001,508132448,9.45,9.45,9.45,0,1028.3,1028.3,1028.3,0,12.1,12.1,12.1,0
4058481155,508353495,8.45,8.45,8.45,0,1320.2,1328.4,1322.25,3.5507,17.1,17.1,17.1,0
4058605172,507399863,9.85,9.85,9.85,0,834.5,838.7,836.3079,1.6202,13.8,13.8,13.8,0
4058487497,507910057,9.55,9.65,9.648,0.0139,635,637.2,636.0098,0.4117,23.5,23.5,23.5,0
4058526685,508426866,8.35,8.45,8.3892,0.0488,741.6,770.8,758.1308,8.8453,22.6,22.8,22.6731,0.0605
4058626807,508438856,8.55,8.55,8.55,0,725.5,725.5,725.5,0,23.2,23.2,23.2,0
4058529700,508593124,8.15,8.15,8.15,0,679.2,679.2,679.2,0,23.5,23.5,23.5,0
4058576627,508550619,8.05,8.05,8.05,0,729.5,729.5,729.5,0,22.7,22.7,22.7,0
4058532719,508411038,8.65,8.65,8.65,0,774.4,779.7,778.8167,1.9752,21.6,21.7,21.6167,0.0373
4058514445,506570161,8.75,8.85,8.7818,0.0466,573.4,582,579.0388,3.3506,19.5,19.6,19.58,0.04
4058484504,507602405,9.65,9.65,9.65,0,554.7,555.9,555.26,0.5987,18.9,19,18.9467,0.0499
4058573492,507541845,9.75,9.75,9.75,0,556.5,556.5,556.5,0,19,19,19,0
4058484511,506649744,8.65,8.75,8.7258,0.0428,571.3,575.9,573.9147,1.226,18.8,19,18.9116,0.038
4058576668,508468512,8.85,8.85,8.85,0,791,796.1,795.6364,1.4661,22.9,23,22.9909,0.0287
4058530507,508169665,9.55,9.55,9.55,0,656.7,657.9,657.1154,0.5709,20,20,20,0
4058529837,508447957,8.95,9.25,9.0763,0.116,745.7,765.7,755.5797,7.7783,23.7,23.9,23.7881,0.0815
4058576538,508721690,5.65,5.95,5.8606,0.0994,1052.4,1074.2,1068.7701,7.286,22.9,23,22.9553,0.0497
4058527698,508549119,8.05,8.25,8.15,0.0365,850.6,857.4,853.6378,2.0412,21.7,21.9,21.8156,0.0514
4058532673,508510334,8.45,8.75,8.6824,0.1209,814.7,825.2,816.1946,2.8754,22.3,22.5,22.4892,0.0452
4058532590,508685988,8.05,8.05,8.05,0,895.2,895.2,895.2,0,19.7,19.7,19.7,0
4058626646,508527428,8.55,8.65,8.6318,0.0386,824.5,835.5,825.9909,3.3805,19.6,19.6,19.6,0
4058576836,508672714,6.85,7.15,6.986,0.1145,889.4,899.7,894.208,3.5069,20.6,20.6,20.6,0
4058576737,508581860,7.85,7.95,7.881,0.0463,866.3,877,870.8862,3.2744,21.1,21.2,21.1931,0.0253
4058527740,508585357,7.85,7.95,7.8591,0.0287,866.3,870.9,870.0182,1.65,21.1,21.2,21.1091,0.0287
4058626778,508510329,8.45,8.55,8.5427,0.026,802.7,808.8,805.8756,1.6348,21.3,21.5,21.461,0.062
4058616555,508546930,8.15,8.25,8.2449,0.0221,839.8,849.5,840.7077,2.396,20.7,20.7,20.7,0
4058606805,508493850,8.85,8.95,8.9429,0.0258,779.6,783.7,779.8929,1.0559,19.6,19.7,19.6929,0.0258
4058626682,508431102,8.95,9.15,9.1445,0.0297,716.5,725,717.2909,1.3667,18.9,19,18.9418,0.0493
4058616678,508440180,9.05,9.25,9.1065,0.0835,719.7,725.6,723.4605,2.4268,18.8,18.8,18.8,0
4058532642,508742803,8.65,8.75,8.6993,0.05,782.7,789,785.897,3.1496,21.8,21.9,21.8493,0.05
4058526767,508775358,8.55,8.55,8.55,0,816.5,821.2,819.9871,2.0566,21.3,21.4,21.3742,0.0438
4058532776,508800427,8.15,8.45,8.35,0.0612,833.1,850,839.0313,3.4527,20.7,20.9,20.8063,0.0428
4058606609,508772126,8.55,8.75,8.6247,0.0882,805.1,816.5,811.1926,4.8967,21.2,21.4,21.2895,0.064
4058527848,508520244,8.95,9.05,8.9825,0.0468,748.8,755.6,753.005,3.0234,19.4,19.6,19.515,0.0691
4058606528,508883249,6.25,6.35,6.2833,0.0471,882.7,900.3,890.4564,6.8675,18.9,18.9,18.9,0
4058626823,508928229,5.55,5.95,5.6681,0.1273,921.5,979.9,965.0556,19.034,19,19.1,19.0722,0.0448
4058606646,509014035,7.35,7.55,7.5347,0.0518,840.4,850.6,841.0736,1.3361,17.1,17.4,17.2972,0.0645
4058580117,508654243,9.35,9.45,9.3808,0.0462,624.1,625.7,624.5923,0.7385,23.7,23.8,23.7692,0.0462
4058532689,508800414,8.45,8.65,8.6409,0.0417,723.3,723.6,723.5864,0.0625,22.9,23,22.9045,0.0208
4058626791,508897213,8.05,8.05,8.05,0,761.7,764.9,764.2379,1.2963,21.2,21.4,21.2414,0.081
4058576746,508976500,7.85,7.95,7.9331,0.0375,715.3,719.6,716.3507,1.5688,19.9,20.1,20.0394,0.0778
4058626721,509010338,7.55,7.55,7.55,0,815.5,835.1,816.5727,4.1278,19.1,19.3,19.2864,0.0457
4058576747,509059497,7.55,7.55,7.55,0,726.9,728.3,727.9769,0.5899,17.7,17.8,17.7769,0.0421
4058532529,509031839,6.35,6.45,6.4421,0.027,1068.4,1099.5,1087.15,9.0638,16.8,16.9,16.8697,0.0459
4058616571,508730997,8.75,8.85,8.772,0.0414,740.9,743.1,741.384,0.9113,23.2,23.3,23.278,0.0414
4058576648,508879977,7.65,7.75,7.6935,0.0496,880.2,896.3,889.3,7.9812,20.5,20.6,20.5435,0.0496
4058484468,506799966,8.95,9.05,9.0441,0.0235,609.9,612.3,611.4451,0.5188,16.7,16.7,16.7,0
4058622437,506663872,8.85,8.85,8.85,0,613,615.8,613.6885,0.7245,16.8,16.8,16.8,0
4058487463,506704200,8.75,8.75,8.75,0,635.7,636.8,636.448,0.5131,16.8,16.8,16.8,0
4058530460,506795414,8.85,8.95,8.9384,0.0321,616.9,619.9,617.2488,0.9617,16.6,16.6,16.6,0
4058519450,506453559,8.65,8.75,8.7061,0.0496,644.6,650.5,648.5732,1.8058,18.9,19,18.9927,0.026
4058573480,507547330,9.65,9.65,9.65,0,553.1,554.1,553.6714,0.4949,17.7,17.8,17.7429,0.0495
4058515461,506533695,8.85,8.85,8.85,0,603.2,606.4,605.2,1.5492,18,18,18,0
4058558440,506374768,8.75,8.85,8.8451,0.0215,678.5,683.4,679.9268,2.1596,19.1,19.2,19.1049,0.0215
4058479662,506362000,8.75,8.75,8.75,0,890.1,891,890.7258,0.4127,18.5,18.6,18.529,0.0454
4058572625,506362270,8.65,8.85,8.8167,0.0745,911.3,919.9,912.7333,3.205,18.2,18.3,18.2833,0.0373
4058572420,506305637,8.75,8.75,8.75,0,868.7,876.3,873.1571,3.1392,18.6,18.7,18.6755,0.043
4058479648,506349753,8.85,8.85,8.85,0,870.3,870.3,870.3,0,17.6,17.6,17.6,0
4058478720,506338571,8.85,8.85,8.85,0,865.9,867.4,866.4769,0.7298,17.8,17.9,17.8385,0.0487
4058569626,506338571,8.85,8.85,8.85,0,865.9,867.4,866.4769,0.7298,17.8,17.9,17.8385,0.0487
4058572565,506404396,8.95,8.95,8.95,0,897,909.9,900.533,3.7494,16.8,16.8,16.8,0
4058633619,506403829,8.85,8.95,8.8929,0.0495,889.6,897,893.2143,2.3378,16.7,16.8,16.7821,0.0383
4058569632,506401514,8.95,8.95,8.95,0,884.2,887.6,887.0564,1.2211,16.7,16.8,16.7154,0.0361
4058478845,506245341,8.75,8.75,8.75,0,781.5,794.9,792.3543,3.3429,18.6,18.7,18.6978,0.0146
4058479671,506271190,8.85,8.85,8.85,0,812,813.5,812.2206,0.5312,18.9,18.9,18.9,0
4058571856,506397863,8.85,8.95,8.9016,0.05,895.7,897.1,896.4935,0.4522,16.6,16.7,16.6935,0.0246
4058563748,506435681,8.85,8.95,8.8933,0.0496,886.1,892.1,888.7367,2.0014,16,16,16,0
4058572429,506451745,8.95,8.95,8.95,0,879.7,883.1,881.8116,1.5729,15.9,16,15.913,0.0337
4058572425,506415335,8.95,8.95,8.95,0,911.5,911.5,911.5,0,16.9,16.9,16.9,0
4058572636,506415335,8.95,8.95,8.95,0,911.5,911.5,911.5,0,16.9,16.9,16.9,0
4058625898,507474864,9.45,9.45,9.45,0,726.3,726.5,726.45,0.0866,12.7,12.8,12.775,0.0433
4058625884,506612200,9.25,9.25,9.25,0,845.5,849,848.75,0.9014,16.5,16.5,16.5,0
4058633524,506234462,8.65,8.65,8.65,0,899.3,899.3,899.3,0,23.1,23.1,23.1,0
4058624662,506244077,8.65,8.65,8.65,0,877.6,882.6,879.4318,1.6427,23.1,23.2,23.1409,0.0492
4058633637,506242372,8.65,8.65,8.65,0,893.4,897.4,895.9789,1.2509,22.8,23,22.8737,0.0636
4058572514,506242485,8.55,8.65,8.5769,0.0443,895.2,901.6,899.2164,1.5065,22.7,22.9,22.7806,0.0432
4058633488,506373663,8.85,8.85,8.85,0,949.6,952.7,950.0429,1.0848,21.1,21.2,21.1143,0.035
4058572452,506372158,8.85,8.85,8.85,0,905.4,910,907.93,2.2885,19.4,19.5,19.455,0.0497
4058569518,506286574,8.75,8.75,8.75,0,882.3,883.5,883.1914,0.5245,20.9,21,20.9257,0.0437
4058624518,506267882,8.65,8.65,8.65,0,877.8,883.2,880.2463,1.4483,21.8,21.9,21.8073,0.026
4058571654,506313498,8.85,8.85,8.85,0,870.2,870.2,870.2,0,24,24,24,0
4058523955,507604273,9.55,9.65,9.5697,0.0398,832.6,862.3,846.1134,5.7571,12.9,13,12.9803,0.0398
4058571135,507630512,9.55,9.55,9.55,0,850,850,850,0,13,13,13,0
4058596705,508454003,8.65,8.65,8.65,0,735.5,735.5,735.5,0,12,12,12,0
4058618631,508309920,8.25,8.45,8.4025,0.0851,712,716.8,712.9831,1.929,11.9,12,11.9797,0.0403
4058505569,508392655,7.75,8.25,8.06,0.1719,833.3,849.7,848.0533,2.8114,12.2,12.3,12.2767,0.0423
4058505664,508639641,9.25,9.25,9.25,0,716.4,735.1,722.025,6.1055,12.7,12.7,12.7,0
4058505550,508720203,9.35,9.45,9.3891,0.0488,744.1,770.6,758.5266,8.4256,11.7,11.8,11.7047,0.0211
4058591685,509145175,9.95,9.95,9.95,0,773.7,776.3,773.8238,0.5537,11.1,11.1,11.1,0
4058474954,508087086,8.15,8.35,8.3326,0.0564,951.5,960.3,952.6826,2.5828,10.9,11,10.9087,0.0282
4058618702,508464159,8.05,8.35,8.3275,0.079,858.7,898.7,861.7,10.5357,13.9,14,13.9075,0.0263
4058510588,508394109,8.25,8.25,8.25,0,798.1,801.6,798.225,0.6495,12.3,12.4,12.3036,0.0186
4058475212,507847233,9.55,9.55,9.55,0,913.4,915.1,914.9211,0.5217,12.4,12.4,12.4,0
4058524053,508497973,7.75,8.05,7.9,0.15,959.8,983.6,971.7,11.9,16,16.1,16.05,0.05
4058474035,508370974,7.35,7.75,7.6535,0.0752,1093.6,1122.4,1096.5258,6.2199,15.7,16,15.8858,0.0513
4058474233,507668126,9.85,9.85,9.85,0,818.3,822,820.2804,1.2659,13.1,13.1,13.1,0
4058481275,508278556,7.95,8.15,8.0629,0.0992,1262.1,1286.5,1275.8741,12.098,13.4,13.5,13.4565,0.0496
4058565280,508106045,8.65,8.85,8.8318,0.0575,1066.1,1091.9,1068.4456,7.417,10.9,10.9,10.9,0
4058475049,508577484,8.25,8.55,8.4396,0.1005,1084.1,1107.6,1093.3646,7.5376,17.4,17.5,17.4271,0.0444
4058596579,508919859,9.45,9.55,9.5314,0.0389,755.1,761,755.2586,0.7084,9.5,9.5,9.5,0
4058505657,509421122,10.15,10.15,10.15,0,834.5,837.2,836.84,0.9178,9.5,9.5,9.5,0
4058504676,509132195,9.55,9.95,9.7682,0.1992,884.1,902.5,892.4636,9.1619,10.7,10.8,10.7455,0.0498
4058510707,508368786,8.65,8.85,8.7658,0.0987,619.9,632.6,626.2158,3.167,13.3,13.4,13.3474,0.0499
4058481188,507730195,9.25,9.25,9.25,0,934.6,934.6,934.6,0,14.3,14.3,14.3,0
4058524121,507879249,9.15,9.25,9.219,0.0463,891.5,902.8,897.5793,4.8245,13.4,13.5,13.469,0.0463
4058605022,508091353,9.05,9.15,9.08,0.0458,762.7,765.1,764.38,1.0998,12.3,12.3,12.3,0
4058571192,507964690,8.95,9.05,9,0.05,952.1,953,952.55,0.45,12.6,12.6,12.6,0
4058618640,508720226,8.55,8.85,8.8125,0.0992,785.2,794.7,786.9708,2.9544,10.9,11,10.9583,0.0493
4058505670,509011474,8.85,8.95,8.9318,0.0386,979.3,993,980.3159,3.4312,12.8,12.9,12.8182,0.0386
4058509681,509200252,8.85,9.05,9.0143,0.0766,1000.2,1016,1003.0214,6.0513,12.4,12.5,12.4179,0.0383
4058504602,509204608,8.85,9.05,8.97,0.098,1000.2,1006,1002.52,2.8414,12.3,12.4,12.36,0.049
4058510708,508661715,8.85,9.05,8.9611,0.0994,722.3,733.7,728.6333,5.6647,12.1,12.1,12.1,0
4058510655,508284343,8.85,8.85,8.85,0,817.1,817.1,817.1,0,14.7,14.7,14.7,0
4058509568,508401507,8.55,8.75,8.62,0.0954,805.5,810.2,808.555,2.2418,13.1,13.2,13.135,0.0477
4058505687,508346409,8.65,8.65,8.65,0,798.5,798.5,798.5,0,12.8,12.8,12.8,0
4058548522,508622153,8.95,9.05,8.9545,0.0208,715.7,724.5,716.1,1.833,12.7,12.8,12.7045,0.0208
4058509648,508849157,7.65,7.85,7.7743,0.097,830.6,839.4,835.0541,3.9127,10.6,10.7,10.6405,0.0491
4058504690,508546811,8.35,8.65,8.534,0.0803,758.7,777,763.0604,4.6235,12.6,12.7,12.6358,0.048
4058618541,508937033,7.55,7.95,7.8665,0.1495,994.7,1003.2,996.7427,3.2184,11.4,11.5,11.4311,0.0463
4058579992,508668483,6.75,6.95,6.9399,0.0438,1024.4,1058,1045.2456,10.8013,10.7,10.8,10.7494,0.05
4058491279,508802362,7.35,7.35,7.35,0,1024.7,1024.7,1024.7,0,11.6,11.6,11.6,0
4058635017,508971379,8.05,8.15,8.1357,0.035,918.5,925.8,919.5429,2.5545,13.8,13.9,13.8143,0.035
4058635091,508930093,6.75,7.05,6.9342,0.1387,1172.1,1206.7,1177.1316,10.3351,13.6,13.7,13.6895,0.0307
4058583178,508761078,6.55,6.95,6.7976,0.1622,934.3,956.9,946.0619,7.5579,10.6,10.7,10.6762,0.0426
4058491229,508821771,6.05,6.55,6.5424,0.0611,1138.2,1185.7,1143.8698,7.8699,12.1,12.3,12.1439,0.0526
4058583223,508649297,8.05,8.05,8.05,0,740,740,740,0,13.6,13.6,13.6,0
4058491247,508699277,7.75,8.05,7.9851,0.0868,766.1,778.9,769.0754,3.7962,11.3,11.6,11.4316,0.1079
4058627952,508851876,7.05,7.35,7.2429,0.1437,1047.3,1086.8,1061.4071,18.9267,13.1,13.2,13.1643,0.0479
4058583275,508077190,8.65,8.65,8.65,0,586.3,588.2,587.8696,0.7202,12.9,12.9,12.9,0
4058575127,508295706,9.05,9.05,9.05,0,547.4,550.2,548.8526,0.7887,19.4,19.8,19.5641,0.131
4058575145,508538141,8.65,8.75,8.6543,0.0204,671,679.7,679.3217,1.7742,13,13.1,13.0957,0.0204
4058627924,508818468,8.25,8.55,8.5054,0.0843,680.8,690.9,685.5804,2.3818,11.7,11.7,11.7,0
4058580025,508873541,7.95,8.45,8.2523,0.2445,751.2,773.5,760.0163,10.903,12,12,12,0
4058580050,508767592,8.25,8.55,8.2629,0.0582,696.3,711.9,708.7855,2.4303,11.2,11.3,11.2839,0.0368
4058491101,508655547,8.65,8.85,8.83,0.06,680.5,690.3,681.48,2.94,12.2,12.4,12.22,0.06
4058486109,508174453,8.15,8.55,8.45,0.1325,718.5,735.6,726.2568,7.0943,14.3,14.3,14.3,0
4058624438,506562816,8.95,8.95,8.95,0,824.6,824.6,824.6,0,15.3,15.3,15.3,0
4058479639,506594631,9.05,9.15,9.0955,0.0498,840.5,841.5,840.9545,0.4979,15.1,15.1,15.1,0
4058633492,506438313,8.75,8.75,8.75,0,850.3,857.2,853.6119,1.2504,15.3,15.3,15.3,0
4058572544,506430251,8.85,8.85,8.85,0,895.7,901.8,900.2917,1.9063,15.8,15.9,15.8778,0.0416
4058572533,506455819,8.85,8.95,8.9367,0.034,875.6,878.4,876.9333,1.3425,15.6,15.6,15.6,0
4058572447,506314046,8.85,8.85,8.85,0,762,767,764.6337,2.0271,16.7,16.7,16.7,0
4058479582,506328402,9.05,9.15,9.0907,0.0491,741.5,749.5,746.2407,3.9308,16.4,16.4,16.4,0
4058478586,506348330,8.85,8.95,8.91,0.049,736,749.1,741.24,6.4177,17.7,17.7,17.7,0
4058633425,506345803,8.95,9.15,9.0393,0.0419,702.2,736,718.0907,7.7783,17.6,17.8,17.736,0.0603
4058633622,506425890,8.85,8.95,8.9477,0.0149,740.3,748.5,743.5409,0.894,17.1,17.2,17.1023,0.0149
4058479820,506598133,9.05,9.05,9.05,0,753.4,759.5,756.0667,0.6592,14.8,14.9,14.8967,0.018
4058633695,506598133,9.05,9.05,9.05,0,753.4,759.5,756.0667,0.6592,14.8,14.9,14.8967,0.018
4058624571,506314760,9.15,9.25,9.2192,0.0462,667.7,670.7,669.2423,1.0997,18.9,19,18.9538,0.0499
4058622428,506413835,8.95,8.95,8.95,0,685.5,687.6,687.18,0.84,18.4,18.4,18.4,0
4058530465,506831319,9.15,9.15,9.15,0,639.1,639.1,639.1,0,16.7,16.7,16.7,0
4058573457,506826096,9.15,9.15,9.15,0,645,645,645,0,16.7,16.7,16.7,0
4058530512,506819002,9.05,9.05,9.05,0,648.6,649.8,649.2,0.6,16.7,16.7,16.7,0
4058608483,506850770,9.15,9.25,9.2077,0.0494,634.6,637.1,635.4769,1.0334,16.6,16.7,16.6077,0.0266
4058592569,507444172,9.55,9.65,9.6405,0.0294,563.1,564.9,563.8238,0.8094,20.4,20.5,20.4571,0.0495
4058583118,508539636,8.65,9.05,8.954,0.0871,663.7,671.6,667.048,2.0142,24.4,24.5,24.468,0.0466
4058575229,508813976,8.15,8.15,8.15,0,679.4,679.4,679.4,0,22.6,22.6,22.6,0
4058619543,508267736,9.45,9.45,9.45,0,530.9,539.2,532.4962,3.2711,20.7,20.7,20.7,0
4058603549,507883679,8.95,9.05,8.9711,0.0408,535.3,536.1,535.9316,0.3261,19.2,19.3,19.2211,0.0408
4058603530,507806777,9.05,9.05,9.05,0,577.5,583.8,580.7948,1.7385,17.9,18.2,18.1362,0.1062
4058506528,508122829,8.95,8.95,8.95,0,539.3,543.2,542.6429,1.3647,15.2,15.3,15.2857,0.035
4058628090,508373998,9.25,9.25,9.25,0,566.5,567.8,567.7103,0.3294,22.4,22.4,22.4,0
4058575116,508484663,9.15,9.15,9.15,0,568.6,574.6,570.9225,1.94,22.9,23.2,23.08,0.1005
4058634924,508236277,9.25,9.25,9.25,0,569.9,578,575.975,3.5074,17.8,17.9,17.825,0.0433
4058635049,509004520,7.95,8.35,8.2624,0.1341,955.9,992.2,964.4287,10.3567,13.6,13.7,13.6233,0.0422
4058628028,508831543,7.95,8.55,8.1385,0.2439,726,746.8,739.9423,6.3513,15.9,16.3,16.0923,0.1174
4058486114,508559759,8.65,8.95,8.9354,0.0646,588,602.2,589.3659,2.9628,26.6,26.7,26.6049,0.0215
